<?xml version="1.0" encoding="UTF-8"?>
<Configuration status="WARN">
    <Appenders>
        <Console name="Console" target="SYSTEM_OUT">
            <PatternLayout pattern="%d{yyyy-MM-dd HH:mm:ss.SSS} [%t] %-5level %logger{36} - %msg%n"/>
        </Console>
        <File name="File" fileName="logs/application.log">
            <PatternLayout pattern="%d{yyyy-MM-dd HH:mm:ss.SSS}- %msg%n"/>
        </File>
    </Appenders>
    <Loggers>
        <Root level="info">
            <AppenderRef ref="Console"/>
        </Root>
        <Logger name="com.example.UtilityProject.ExcelToDb" level="info">
            <AppenderRef ref="File"/>
        </Logger>
    </Loggers>
</Configuration>
